model_file,train_accuracy,test_accuracy,train_precision,test_precision,train_recall,test_recall,train_f1,test_f1,train_roc_auc,test_roc_auc
logistic_regression.pkl,0.8945,0.881,0.8103448275862069,0.7731958762886598,0.7105831533477321,0.6666666666666666,0.757192174913694,0.7159904534606205,0.9268103834712091,0.9081003584229391
random_forest.pkl,0.9715,0.964,0.9688221709006929,0.9521531100478469,0.906047516198704,0.8844444444444445,0.9363839285714286,0.9170506912442397,0.9990212624239249,0.9383397849462366
xgboost_optuna.pkl,0.97025,0.965,0.9653979238754326,0.9523809523809523,0.9038876889848813,0.8888888888888888,0.9336307863915226,0.9195402298850575,0.9560479728960656,0.944926164874552
